{
  "properties": {
    "connectionReferences": {
      "shared_office365users": {
        "runtimeSource": "embedded",
        "connection": {
          "connectionReferenceLogicalName": "ya_sharedoffice365users_30dcf"
        },
        "api": {
          "name": "shared_office365users"
        }
      },
      "shared_office365": {
        "runtimeSource": "embedded",
        "connection": {
          "connectionReferenceLogicalName": "yaa_sharedoffice365_f12b9"
        },
        "api": {
          "name": "shared_office365"
        }
      }
    },
    "definition": {
      "$schema": "https://schema.management.azure.com/providers/Microsoft.Logic/schemas/2016-06-01/workflowdefinition.json#",
      "contentVersion": "1.0.0.0",
      "parameters": {
        "$connections": {
          "defaultValue": {},
          "type": "Object"
        },
        "$authentication": {
          "defaultValue": {},
          "type": "SecureObject"
        }
      },
      "triggers": {
        "繰り返し": {
          "recurrence": {
            "frequency": "Week",
            "interval": 1,
            "timeZone": "Tokyo Standard Time",
            "schedule": {
              "weekDays": [
                "Wednesday"
              ],
              "hours": [
                "17"
              ],
              "minutes": [
                0
              ]
            }
          },
          "metadata": {
            "operationMetadataId": "f8e1d4cb-effd-4e73-b15b-03414d88b206"
          },
          "type": "Recurrence"
        }
      },
      "actions": {
        "ユーザーの検索_(V2)": {
          "runAfter": {
            "変数OurDomainを初期化する": [
              "Succeeded"
            ]
          },
          "metadata": {
            "operationMetadataId": "835c74f8-c913-41ec-88e7-e43478fc3386"
          },
          "type": "OpenApiConnection",
          "inputs": {
            "host": {
              "connectionName": "shared_office365users",
              "operationId": "SearchUserV2",
              "apiId": "/providers/Microsoft.PowerApps/apis/shared_office365users"
            },
            "parameters": {},
            "authentication": "@parameters('$authentication')"
          }
        },
        "マイ_プロフィールの取得_(V2)": {
          "runAfter": {
            "変数Messageを初期化する": [
              "Succeeded"
            ]
          },
          "metadata": {
            "operationMetadataId": "fb18328c-8590-4647-9cb1-cefe51dc9b20"
          },
          "type": "OpenApiConnection",
          "inputs": {
            "host": {
              "connectionName": "shared_office365users",
              "operationId": "MyProfile_V2",
              "apiId": "/providers/Microsoft.PowerApps/apis/shared_office365users"
            },
            "parameters": {},
            "authentication": "@parameters('$authentication')"
          }
        },
        "変数OurDomainを初期化する": {
          "runAfter": {
            "マイ_プロフィールの取得_(V2)": [
              "Succeeded"
            ]
          },
          "metadata": {
            "operationMetadataId": "320e8fa8-09b1-4d72-ab91-d21fc1475a1a"
          },
          "type": "InitializeVariable",
          "inputs": {
            "variables": [
              {
                "name": "OurDomain",
                "type": "string",
                "value": "@{last(split(outputs('マイ_プロフィールの取得_(V2)')?['body/mail'], '@'))}"
              }
            ]
          }
        },
        "Apply_to_each": {
          "foreach": "@outputs('ユーザーの検索_(V2)')?['body/value']",
          "actions": {
            "メールの送信_(V2)": {
              "runAfter": {},
              "metadata": {
                "operationMetadataId": "fc2cc918-f649-4dce-98ff-26b32dacb78c"
              },
              "type": "OpenApiConnection",
              "inputs": {
                "host": {
                  "connectionName": "shared_office365",
                  "operationId": "SendEmailV2",
                  "apiId": "/providers/Microsoft.PowerApps/apis/shared_office365"
                },
                "parameters": {
                  "emailMessage/To": "@items('Apply_to_each')?['Mail']",
                  "emailMessage/Subject": "@variables('Subject')",
                  "emailMessage/Body": "<p>@{variables('Message')}</p>"
                },
                "authentication": "@parameters('$authentication')"
              }
            }
          },
          "runAfter": {
            "ユーザーの検索_(V2)": [
              "Succeeded"
            ]
          },
          "metadata": {
            "operationMetadataId": "1b8d99c4-7eb4-40fd-ba53-f19046298e8c"
          },
          "type": "Foreach"
        },
        "変数Subjectを初期化する": {
          "runAfter": {},
          "metadata": {
            "operationMetadataId": "0544f626-be53-492e-ab40-640583ec3c3d"
          },
          "type": "InitializeVariable",
          "inputs": {
            "variables": [
              {
                "name": "Subject",
                "type": "string",
                "value": "本日は定時退社日です！"
              }
            ]
          }
        },
        "変数Messageを初期化する": {
          "runAfter": {
            "変数Subjectを初期化する": [
              "Succeeded"
            ]
          },
          "metadata": {
            "operationMetadataId": "a415d3d2-352d-4837-a9fd-dcfbca023d73"
          },
          "type": "InitializeVariable",
          "inputs": {
            "variables": [
              {
                "name": "Message",
                "type": "string",
                "value": "<b>毎週水曜日は定時退社日</b>です。"
              }
            ]
          }
        }
      },
      "outputs": {}
    }
  },
  "schemaVersion": "1.0.0.0"
}