{
  "properties": {
    "connectionReferences": {
      "shared_office365users": {
        "runtimeSource": "embedded",
        "connection": {
          "connectionReferenceLogicalName": "ya_sharedoffice365users_30dcf"
        },
        "api": {
          "name": "shared_office365users"
        }
      },
      "shared_office365": {
        "runtimeSource": "embedded",
        "connection": {
          "connectionReferenceLogicalName": "yaa_sharedoffice365_f12b9"
        },
        "api": {
          "name": "shared_office365"
        }
      }
    },
    "definition": {
      "$schema": "https://schema.management.azure.com/providers/Microsoft.Logic/schemas/2016-06-01/workflowdefinition.json#",
      "contentVersion": "1.0.0.0",
      "parameters": {
        "$connections": {
          "defaultValue": {},
          "type": "Object"
        },
        "$authentication": {
          "defaultValue": {},
          "type": "SecureObject"
        }
      },
      "triggers": {
        "繰り返し": {
          "recurrence": {
            "frequency": "Week",
            "interval": 1,
            "timeZone": "Tokyo Standard Time",
            "schedule": {
              "weekDays": [
                "Wednesday"
              ],
              "hours": [
                "17"
              ],
              "minutes": [
                0
              ]
            }
          },
          "metadata": {
            "operationMetadataId": "f8e1d4cb-effd-4e73-b15b-03414d88b206"
          },
          "type": "Recurrence"
        }
      },
      "actions": {
        "ユーザーの検索_(V2)": {
          "runAfter": {
            "変数GuestDomainを初期化する": [
              "Succeeded"
            ]
          },
          "metadata": {
            "operationMetadataId": "835c74f8-c913-41ec-88e7-e43478fc3386"
          },
          "type": "OpenApiConnection",
          "inputs": {
            "host": {
              "connectionName": "shared_office365users",
              "operationId": "SearchUserV2",
              "apiId": "/providers/Microsoft.PowerApps/apis/shared_office365users"
            },
            "parameters": {},
            "authentication": "@parameters('$authentication')"
          }
        },
        "マイ_プロフィールの取得_(V2)": {
          "runAfter": {
            "変数Messageを初期化する": [
              "Succeeded"
            ]
          },
          "metadata": {
            "operationMetadataId": "fb18328c-8590-4647-9cb1-cefe51dc9b20"
          },
          "type": "OpenApiConnection",
          "inputs": {
            "host": {
              "connectionName": "shared_office365users",
              "operationId": "MyProfile_V2",
              "apiId": "/providers/Microsoft.PowerApps/apis/shared_office365users"
            },
            "parameters": {},
            "authentication": "@parameters('$authentication')"
          }
        },
        "変数OurDomainを初期化する": {
          "runAfter": {
            "マイ_プロフィールの取得_(V2)": [
              "Succeeded"
            ]
          },
          "metadata": {
            "operationMetadataId": "320e8fa8-09b1-4d72-ab91-d21fc1475a1a"
          },
          "type": "InitializeVariable",
          "inputs": {
            "variables": [
              {
                "name": "OurDomain",
                "type": "string",
                "value": "@{last(split(outputs('マイ_プロフィールの取得_(V2)')?['body/mail'], '@'))}"
              }
            ]
          },
          "description": "last(split(outputs('マイ_プロフィールの取得_(V2)')?['body/mail'], '@'))"
        },
        "変数Subjectを初期化する": {
          "runAfter": {},
          "metadata": {
            "operationMetadataId": "0544f626-be53-492e-ab40-640583ec3c3d"
          },
          "type": "InitializeVariable",
          "inputs": {
            "variables": [
              {
                "name": "Subject",
                "type": "string",
                "value": "本日は定時退社日です！"
              }
            ]
          }
        },
        "変数Messageを初期化する": {
          "runAfter": {
            "変数Subjectを初期化する": [
              "Succeeded"
            ]
          },
          "metadata": {
            "operationMetadataId": "a415d3d2-352d-4837-a9fd-dcfbca023d73"
          },
          "type": "InitializeVariable",
          "inputs": {
            "variables": [
              {
                "name": "Message",
                "type": "string",
                "value": "<b>毎週水曜日は定時退社日</b>です。"
              }
            ]
          }
        },
        "変数GuestDomainを初期化する": {
          "runAfter": {
            "変数OurDomainを初期化する": [
              "Succeeded"
            ]
          },
          "metadata": {
            "operationMetadataId": "158b273d-4149-46a4-b475-30ebb89ccba0"
          },
          "type": "InitializeVariable",
          "inputs": {
            "variables": [
              {
                "name": "GuestDomain",
                "type": "string",
                "value": "@{concat('#EXT#@', variables('OurDomain'))}"
              }
            ]
          },
          "description": "concat('#EXT#@', variables('OurDomain'))"
        },
        "アレイのフィルター処理（ゲストユーザーを除外）": {
          "runAfter": {
            "アレイのフィルター処理（OurDomain）": [
              "Succeeded"
            ]
          },
          "metadata": {
            "operationMetadataId": "502bd179-f5aa-4402-95b7-3b13be01073b"
          },
          "type": "Query",
          "inputs": {
            "from": "@body('アレイのフィルター処理（OurDomain）')",
            "where": "@not(endswith(item()?['UserPrincipalName'], variables('GuestDomain')))"
          }
        },
        "アレイのフィルター処理（OurDomain）": {
          "runAfter": {
            "ユーザーの検索_(V2)": [
              "Succeeded"
            ]
          },
          "metadata": {
            "operationMetadataId": "9f6f64aa-f7bb-4380-9d42-d87c101a6a74"
          },
          "type": "Query",
          "inputs": {
            "from": "@outputs('ユーザーの検索_(V2)')?['body/value']",
            "where": "@endswith(item()?['UserPrincipalName'], variables('OurDomain'))"
          }
        },
        "メールの送信_(V2)": {
          "runAfter": {
            "変数Toを初期化する": [
              "Succeeded"
            ]
          },
          "metadata": {
            "operationMetadataId": "fc2cc918-f649-4dce-98ff-26b32dacb78c"
          },
          "type": "OpenApiConnection",
          "inputs": {
            "host": {
              "connectionName": "shared_office365",
              "operationId": "SendEmailV2",
              "apiId": "/providers/Microsoft.PowerApps/apis/shared_office365"
            },
            "parameters": {
              "emailMessage/To": "@outputs('マイ_プロフィールの取得_(V2)')?['body/mail']",
              "emailMessage/Subject": "@variables('Subject')",
              "emailMessage/Body": "<p>@{variables('Message')}</p>",
              "emailMessage/Bcc": "@variables('To')"
            },
            "authentication": "@parameters('$authentication')"
          }
        },
        "選択（ユーザーオブジェクト配列からメールアドレスのみの配列を作成）": {
          "runAfter": {
            "アレイのフィルター処理（備品を除外）": [
              "Succeeded"
            ]
          },
          "metadata": {
            "operationMetadataId": "529e1e22-bc0f-46d7-941d-f45afd84052f"
          },
          "type": "Select",
          "inputs": {
            "from": "@body('アレイのフィルター処理（備品を除外）')",
            "select": "@item()?['Mail']"
          },
          "description": "item()?['Mail']"
        },
        "変数Toを初期化する": {
          "runAfter": {
            "選択（ユーザーオブジェクト配列からメールアドレスのみの配列を作成）": [
              "Succeeded"
            ]
          },
          "metadata": {
            "operationMetadataId": "11f10760-4fc5-4359-86c7-e453bd562ee3"
          },
          "type": "InitializeVariable",
          "inputs": {
            "variables": [
              {
                "name": "To",
                "type": "string",
                "value": "@{join(body('選択（ユーザーオブジェクト配列からメールアドレスのみの配列を作成）'), ';')}"
              }
            ]
          },
          "description": "join(body('選択（ユーザーオブジェクト配列からメールアドレスのみの配列を作成）'), ';')"
        },
        "アレイのフィルター処理（会議室を除外）": {
          "runAfter": {
            "アレイのフィルター処理（ゲストユーザーを除外）": [
              "Succeeded"
            ]
          },
          "metadata": {
            "operationMetadataId": "502bd179-f5aa-4402-95b7-3b13be01073b"
          },
          "type": "Query",
          "inputs": {
            "from": "@body('アレイのフィルター処理（ゲストユーザーを除外）')",
            "where": "@not(startsWith(item()?['UserPrincipalName'], 'room'))"
          }
        },
        "アレイのフィルター処理（備品を除外）": {
          "runAfter": {
            "アレイのフィルター処理（会議室を除外）": [
              "Succeeded"
            ]
          },
          "metadata": {
            "operationMetadataId": "502bd179-f5aa-4402-95b7-3b13be01073b"
          },
          "type": "Query",
          "inputs": {
            "from": "@body('アレイのフィルター処理（会議室を除外）')",
            "where": "@not(startsWith(item()?['UserPrincipalName'], 'equipment'))"
          }
        }
      },
      "outputs": {}
    }
  },
  "schemaVersion": "1.0.0.0"
}